source_id,filename,kind,library_file_id,sha256,size_bytes,note
SRC-001,1000005994.png,library,file_0000000072b481f58eb491bf22e57ed4,beda6d9ef82c26b3c995d786fdcec8b9ffb14f54bd2c6c69e71e4c7903c95913,114313,Screenshot of nearest-curve curvature/inverse-sensitivity derivation.
SRC-002,1000005997.jpg,library,file_000000007b0081f5a65ed82d5118a8d1,18ca6f2b7c6129b500364aa20f9b7c1574bf15f6a8dfe57646bf4fb0adc18796,226739,Cam/suspension close-up with green witness mark; side/location not inferable from image alone.
SRC-003,1000006002.jpg,library,file_00000000be9081f5bbda28b329352d82,7bc6630c205b87cdeda4c85da33dfe4269008282a667ee7cb73eee8e7415d76b,227166,Suspension/hub close-up with pink witness marks; side/location not inferable from image alone.
SRC-004,1000006067.jpg,library,file_00000000f8fc81f5a54c73786b524723,389303231bcb28d56a4019687a12325c4d25fe5863adaed492afb9dea41ae6ca,270303,Additional marked suspension photo.
SRC-005,2005_dakota_caster_sweep_reference.pdf,library,file_00000000736c81f58635fca239f50c3c,a79d40246a7b4b636372bcc8dca9a44d15d5305a0b0ad1360efb2acc7ca6a450,2919,"Generated nominal caster-sweep reference; model, not raw evidence."
SRC-006,2005_dakota_eccentric_cam_effect_estimate.pdf,library,file_00000000caac81f5942fa1a317b2a1be,71348fff527a78fb3022214fb91538f21f642f860fcf62d62484c21354bbcf78,9087,"Generated eccentric-cam effect estimate; model, not calibrated data."
SRC-007,conversation_audit_dakota_excerpt.md,derived_excerpt,file_000000000bfc81fd906bdb82b4941e51,e9b281f853bc93ffa5355fb0548cd9df4443d0371cc61b48e48b3ce5405424d0,5418,Dakota-only excerpt from broader Sept 5–12 audit; the full audit itself says complete original conversations were unavailable.
SRC-008,dakota_caster_recheck.py,library,file_00000000efb081f5a792b3ac57095d0d,b7c5c22547d38e88ac1addcb78f05e90daf251d817b2124576ec56a35d125e58,9158,Generated/recovered sensitivity script; input transcription disputed.
SRC-009,dakota_caster_recheck_results.json,library,file_00000000de2081f594b83ee7360e8bb2,692626827722b5ba20aeccbb5c043c9282549c072283136b0ad1845bea9ef92a,48191,"Output of recovered sensitivity script; model output, not direct caster evidence."
SRC-010,icky-math-vocabulary.patch,library,file_00000000c19c81f79830c1b47a0415a6,37b0cdd5f2f6eeea43348cdc176d0cde5585dd91bdf6ab32b4cd90c501b0cc67,11236,Epsilon token reserved; no algebraic semantics assigned.
SRC-011,image-1788987658366.jpg,library,file_000000006f0881f58ef53fe0e3b936a3,38ff413460fea247b9c84594724385a49437be73ec83a7743303fccaa04e713d,435974,Truck/hood spirit-level setup; qualitative setup evidence.
SRC-012,image-1789253648078.jpg,library,file_000000003cec81f5a53722a87f12d0cd,89767172ccdc3097c8d2085475c01057cbbfa18d79dc3637ea8a07ca6024f246,242139,"Sep 7 handwritten alignment note; image is primary artifact, exact characters partly ambiguous."
SRC-013,image-1789253654800.jpg,library,file_00000000809881f5bfc85c0f8386d129,3207c129ac554a21ab9baa5b66db1811e254e4be4a45a4a4b9acda05c0af85cf,252201,"Sep 10 handwritten alignment note; image is primary artifact, exact characters partly ambiguous."
SRC-014,ithon-math-design.patch,library,file_00000000b1e881f7812f9d8d101611b9,ae9175a866903f46cd470aae2dc6d7724bc0bb36a1744453d767b52799996f01,10725,Distinguishes nilpotent epsilon^2=0 from ordered Robinson infinitesimal; mixed products not specified.
SRC-015,image-1788986203973.jpg,library,file_00000000c45481f5b7f18ad932692e58,f5598c9a3419de73956fa5403be026ad35ad9df404c02c93f620602e6deb3664,484336,Truck with long yellow level across hood; rough gravel/dirt setting.
SRC-016,image-1788989049648.jpg,library,file_00000000bd8081f5bfe5041843c41627,e1ead06cedb92e13f38137b0e61e017b30f333d27848f4090e8e0b12315e22c5,475687,Truck/level setup on rough gravel; open passenger door; cinder block visible.
SRC-017,image-1788989100424.jpg,library,file_00000000394081f5856d735c1b75519c,7f8aa3dcbd4e5f017b2c8400e5005c8341de11ee4f406ce53ba3d4c44a5d3800,236794,Close-up yellow spirit level on hood/windshield.
SRC-018,image-1788989121450.jpg,library,file_00000000b94881f5a32dc5011dc486ac,0fae522186a5dd0d8afc53a577af5bfb946cb42f9b5ce2c08f992af8b0f7bfbd,240421,Multiple spirit levels on vehicle; qualitative metrology setup.
SRC-019,image-1788989084641.jpg,library,file_000000006fe481f59cf6a33a59cd9187,8c5474f8d15eca43a5e440d6a1a75709de4e0193b41b2a445d6a167632f0fd0f,438111,Tire on mixed gravel/grass; qualitative ground-condition evidence.
SRC-020,image-1788990611926.jpg,library,file_00000000302081f584a10aee0252dc4d,da8747fa6075f87a13f4cf1955665fd5d8c7db2b2d3fc1eb0a28d5dc9777b285,283068,Yellow level plus two upright bubble gauges on hood.
SRC-021,image-1788990630368.jpg,library,file_00000000eb4481f597657698984ffd0d,b4afd1fcd9ca0ba7c1a69afd08324db719a5acd157f97f81142c6db3e0ec3f5c,446267,Worn tire/wheel on grass/gravel; qualitative state/ground evidence.
SRC-022,image-1788990855436.jpg,library,file_00000000d5c081f5b6e59f4fda38f3a2,f633a14565b74b6ca8585d639cd9950134397405d2bd030d27821e9d1dde3c6a,354372,Wheel/rim/tire close-up on gravel/grass.
SRC-023,image-1788991088790.jpg,library,file_00000000c31881f58e0c200de281be90,8b7a50e18726ed82e8f88a3dd410045e17cedf30608acd88305c155487e044f3,340054,Wheel/rim close-up on gravel/grass.
SRC-024,image-1788991106181.jpg,library,file_00000000f9e881f59e47aafffb7c99e8,0381146b4153cf0142acb895441b50805515489aab80608ca85aff6b23e8ff0b,394531,Tire contact area at grass/gravel border; qualitative only.
SRC-025,image-1788991113838.jpg,library,file_000000006a7081f5a2c8fc0b7ad0cedf,2fd908fed4396d3092d4766366107791d32cb9943d38176fddbb8c5101997efa,269833,Two spirit levels on hood; same metrology series.
SRC-026,image-1788991313807.jpg,library,file_00000000e23481f5a4ab19a3bb0e2bb8,78d15d760025b8a7e1bc95bbdb536c485fd957475c76f869048882c252c07ee8,470316,Wheel/tire on mixed gravel/grass.
SRC-027,image-1788991319758.jpg,library,file_000000009e1c81f5bb8aa05b8609661d,7f89bd023688bdd77a3ebf60afe231ae64fc4d9b200e4c0c9e03d1d181b45245,468619,Worn tire on mixed ground; oblique qualitative image.
SRC-028,image-1788991340120.jpg,library,file_000000002fec81f5ac6e05015616cd74,6e6f077b733394e6afa9b247ddd6c895e52a40ac077f238442459cde7491f116,257067,Pair of spirit levels on hood.
SRC-029,image-1788989075923.jpg,library,file_000000008aec81f584adbe6f9c73850e,f079ab17487d13922f35e345c16714921a6c8a7c30f64b7c0df2b29f8cef905c,387598,Truck tire beside broken plastic ramp on gravel; setup/path evidence.
SRC-030,image-1789176471139.jpg,library,file_00000000e57881f5b5ea5125144ca81d,7bc6630c205b87cdeda4c85da33dfe4269008282a667ee7cb73eee8e7415d76b,227166,Suspension/cam close-up with pink paint witness marks.
SRC-031,image-1789173615429.jpg,library,file_00000000fc6c81f5ba5ec3a27becf3c4,18ca6f2b7c6129b500364aa20f9b7c1574bf15f6a8dfe57646bf4fb0adc18796,226739,Suspension/cam close-up with green marking.
SRC-032,1000005995.png,library,file_00000000d29481f5a736fbd94bb6dafe,79167215eea4b039c753a8eedbd834e2dd7bc1b01dd71baf14f2b4a1925597fb,159762,"Screenshot of assistant cam recommendation; interpretation/model history, not observation."
SRC-033,image-1789256738662.jpg,library,file_0000000087f081f5b6049b8a947092b0,2fdee63961bd019c287820b6d62960646d41eafaf62b435e5409ed7d24c14be6,186520,Close-up marked rusty cam/suspension component.
SRC-034,image-1789078720120.jpg,library,file_00000000074081f5b7aef27404ac8a37,9ab3d300a4d5978f822dd17f8b02593df0c01bcbb6a8c68db5caaa9260733aac,312038,Rusted suspension component with pink witness mark.
SRC-035,image-1788991435665.jpg,library,file_00000000971081f5aea803fbc3bd3ec5,2c803ff64343ab6c962801e18098f841c23574cdaab59b0902b5ee514b1aad71,324567,Front vehicle view from same measurement series.
SRC-036,image-1788991442485.jpg,library,file_00000000eb6081f59c50726593c8d534,58dd943a45d5d49cab43e51a606328cd2bdfb7fee215f84444fbcef77a2c42bc,269045,Yellow level on vehicle dashboard/hood area.
SRC-037,image-1788989094663.jpg,library,file_000000007ce081f5a073dc063e6553e9,d88a331f6b744d2326c99dad2abcab56473aa06c90b81e6c2edeb48704533e7b,248663,Two magnetic levels on hood.
SRC-038,image-1788989113368.jpg,library,file_0000000044dc81f591e3a6cdaa4fbc38,68006f1d467fd983173c98ca9ecbe978497a6a3e504a21a74c34e57639a9369f,247905,Yellow and upright bubble level near windshield.
SRC-039,image-1789080745266.jpg,library,file_0000000054f481f59d8d770e673aad0c,53c9895448f269564cc0fd015de973bbacdae0c76ca18fc8057a1ed0a5e54f95,281028,Two upright Toolwiz levels with yellow levels behind; metrology equipment evidence.
SRC-040,github_research_lineage.md,derived_repository_index,,f883804812be9c56972e560f31a76e7529c9c5c2224e210c77a825b3480524a6,3155,Derived index of Dakota-related GitHub issues/PRs/merge commits and downstream curvature branch metadata; repository artifacts are secondary evidence.
