record_id	revision	evidence_kind	quantity	raw_literal	unit	side	instrument_role	calibration_epoch	mounting_episode	steering	state	sign_binding	uncertainty	source
oct05-failed-check	1	recovered_primary_fragment	failed_calibration	could not bring into apparent calibration even roughly half-degree agreement	qualitative	unknown	magnetic-failed	unresolved	unresolved	unresolved	oct05-unresolved-configuration	unresolved	unresolved; not a universal half-degree bound	issue:85
oct05-working-check	1	recovered_primary_fragment	zero_check_or_adjustment	checked/adjusted on driver side	qualitative	driver	magnetic-working	check-unchanged OR adjustment-new-epoch	driver-check	unresolved	oct05-unresolved-configuration	unresolved	unresolved reference and protocol	issue:85
oct05-transfer	1	recovered_primary_fragment	gauge_transfer	driver to passenger	qualitative	passenger	magnetic-working	shared-with-working-check	passenger-after-transfer	slightly-turned	oct05-unresolved-configuration	user-positive-camber	mounting/contact relation unresolved	issue:85
oct05-magnetic-passenger	1	recovered_primary_fragment	camber_reading	approximately +3	deg	passenger	magnetic-working	shared-with-working-check	passenger-after-transfer	slightly-turned	oct05-unresolved-configuration	user-positive-camber	unresolved, never zero	issue:85
oct05-positive-comparison	1	recovered_primary_fragment	comparison_report	+3 rather than +6	deg	passenger	unknown-previous-association	unresolved	unresolved	not-established-identical	not-established-identical	positive reports	not a source-bound offset bridge	issue:85
oct05-earlier-negative-comparison	1	recovered_primary_fragment	comparison_report	-6 and -3	deg	unknown	unknown-historical-association	unresolved	unresolved	unresolved	unresolved	negative reports distinct from positive comparison	unresolved, never merged with positive pair	issue:85
oct05-digital-manipulation	1	recovered_primary_fragment	manipulation_trace	many changing values before 0.0	deg	passenger	digital-current	unresolved	digital-same-spot	near-straight-not-exact	oct05-unresolved-configuration	unresolved orientation	not IID fixed-state readings	issue:85
oct05-digital-zero	1	recovered_primary_fragment	orientation_reference_reading	0.0	deg	passenger	digital-current	unresolved	digital-same-spot	near-straight-not-exact	oct05-unresolved-configuration	unresolved orientation	unresolved, not exact zero error	issue:85
oct05-digital-rotation	1	recovered_primary_fragment	rotated_magnitude	2.8	deg	passenger	digital-current	shared-with-digital-zero	digital-same-spot-after-rotation	near-straight-not-exact	oct05-unresolved-configuration	magnitude; positive-camber interpretation separately reported	unresolved mounting/orientation relation	issue:85
sep29-driver	1	recovered_primary_fragment	camber_reading	-2 1/4	deg	driver	unknown-historical-association	unresolved	unresolved	straight-reported	sep29-driver-uphill-passenger-downhill	user raw sign	unresolved historical calibration	issue:85
sep29-passenger	1	recovered_primary_fragment	camber_reading	+1 3/4	deg	passenger	unknown-historical-association	unresolved	unresolved	straight-reported	sep29-driver-uphill-passenger-downhill	user raw sign	unresolved historical calibration	issue:85
sep29-screenshot	1	secondary_report	assistant-response-screenshot	-2 1/4 and +1 3/4	deg	bilateral	unresolved	unresolved	unresolved	straight-reported	sep29-report	secondary sign transcription	duplicate reporting, not another observation or gauge-brand proof	issue:85
sep22-post-reset-driver	1	recovered_primary_fragment	camber_reading	-3	deg	driver	unknown-historical-association	post-reset-no-bridge	unresolved	straight-reported	sep22-own-state	user raw sign	unresolved	issue:85
sep22-post-reset-passenger	1	recovered_primary_fragment	camber_reading	+3	deg	passenger	unknown-historical-association	post-reset-no-bridge	unresolved	straight-reported	sep22-own-state	user raw sign	unresolved	issue:85
