repository_revision	d9ae5db5fae7f2eee8e64effab12b58df825a8fd
compiler_revision	ef83e1627e0a8b84567ec1f461d3a85c26580019
backend_revision	e185d326df5d63f93c7675cb51fde9a8cb4d3ce5
host	Linux	x86_64
authority	idric
fallback	none
55bd2f65fde3fd6093048e75369002d14f12db8f12258778d197376e5f37c0bf  /workspace/scratch/658519a32229/Idric/_/build/exec/idris2
dd2ab6bd973a8931cfc85c13f50060da41fa30856597de4ccc2077fb3046999c  /workspace/scratch/658519a32229/Idric/_/build/exec/idris2_app/idris2.so
9841825485903eb3c544ab436c26f268f538b8c1c1b51c0e0e6933f75fef10a3  /workspace/scratch/6d14aa5b3867/idric-x86/backend/idric_x86.py
e969af2f9286298efc8dc9c97e44eba749e218ae84a568ad032afa364e2c48d0  /workspace/scratch/6d14aa5b3867/econometrician/caster/check_persistent_uncertainty.grease
